{
    "ANDROID_WEAR": {
        "in": 16460655.0,
        "us": 16664120.0
    },
    "ART_AND_DESIGN": {
        "in": 240485.0,
        "us": 295770.0
    },
    "AUTO_AND_VEHICLES": {
        "in": 191985.0,
        "us": 126381.0
    },
    "BEAUTY": {
        "in": 123962.0,
        "us": 140213.0
    },
    "BOOKS_AND_REFERENCE": {
        "in": 1620965.0,
        "us": 1689866.0
    },
    "BUSINESS": {
        "in": 646750.0,
        "us": 628360.0
    },
    "COMICS": {
        "in": 144530.0,
        "us": 148275.0
    },
    "COMMUNICATION": {
        "in": 9257030.0,
        "us": 19293250.0
    },
    "DATING": {
        "in": 132766.0,
        "us": 170863.0
    },
    "EDUCATION": {
        "in": 436430.0,
        "us": 525750.0
    },
    "ENTERTAINMENT": {
        "in": 3190660.0,
        "us": 3071930.0
    },
    "EVENTS": {
        "in": 4713.200000000001,
        "us": 24376.549999999985
    },
    "FINANCE": {
        "in": 652070.0,
        "us": 426100.0
    },
    "FOOD_AND_DRINK": {
        "in": 241617.5,
        "us": 294236.0
    },
    "HEALTH_AND_FITNESS": {
        "in": 1248280.0,
        "us": 1242445.0
    },
    "HOUSE_AND_HOME": {
        "in": 158100.0,
        "us": 193541.0
    },
    "LIBRARIES_AND_DEMO": {
        "in": 95281.0,
        "us": 50037.0
    },
    "LIFESTYLE": {
        "in": 727390.0,
        "us": 779415.0
    },
    "MAPS_AND_NAVIGATION": {
        "in": 979967.0,
        "us": 936925.0
    },
    "MEDICAL": {
        "in": 74162.0,
        "us": 59802.0
    },
    "MUSIC_AND_AUDIO": {
        "in": 3269830.0,
        "us": 3380960.0
    },
    "NEWS_AND_MAGAZINES": {
        "in": 2015820.0,
        "us": 2833191.0
    },
    "PARENTING": {
        "in": 47770.5,
        "us": 67519.0
    },
    "PERSONALIZATION": {
        "in": 1047800.0,
        "us": 1096295.0
    },
    "PHOTOGRAPHY": {
        "in": 4261100.0,
        "us": 4589610.0
    },
    "PRODUCTIVITY": {
        "in": 9582860.0,
        "us": 12034730.0
    },
    "SHOPPING": {
        "in": 1408770.0,
        "us": 1174710.0
    },
    "SOCIAL": {
        "in": 5808600.0,
        "us": 6748911.0
    },
    "SPORTS": {
        "in": 272081.0,
        "us": 259325.0
    },
    "TOOLS": {
        "in": 5736600.0,
        "us": 6075810.0
    },
    "TRAVEL_AND_LOCAL": {
        "in": 5984580.0,
        "us": 6821015.0
    },
    "VIDEO_PLAYERS": {
        "in": 7144860.0,
        "us": 8051405.0
    },
    "WEATHER": {
        "in": 441011.0,
        "us": 444690.0
    }
}